time,hash,recipient,sender,amount
2023-07-03T13:32:51Z,33CDACB103A84FA0D792D128EA8E040104F4D5A195206D9AD574545C61278CFD,kujira1q8y46xg993cqg3xjycyw2334tepey7dmnh5jk2psutrz3fc69teskctgfc,kujira1pkmjc7p7lqg6m3nm7csde88pnpad945kla5hyu,105705930factory/kujira1qk00h5atutpsv900x202pxx42npjr9thg58dnqpa72f2p7m2luase444a7/uusk
2023-07-03T13:31:59Z,58CB6764F9BFE2DDD1ED9794DCB864E3E6B810682C68C46F3446EA30E8907670,kujira17xpfvakm2amg962yls6f84z3kell8c5lp3pcxh,kujira1yum4v0v5l92jkxn8xpn9mjg7wuldk784ctg424ue8gqvdp88qzlqr2qp2j,158797factory/kujira1qk00h5atutpsv900x202pxx42npjr9thg58dnqpa72f2p7m2luase444a7/uusk
2023-07-03T13:29:44Z,6DD89FC7A77963604B95471EBB893B1A5E8CFD65D818D24CA1A4C17E60D5B558,kujira17xpfvakm2amg962yls6f84z3kell8c5lp3pcxh,kujira1q8y46xg993cqg3xjycyw2334tepey7dmnh5jk2psutrz3fc69teskctgfc,55611ibc/27394FB092D2ECCD56123C74F36E4C1F926001CEADA9CA97EA622B25F41E5EB2
2023-06-30T18:43:24Z,F6B527BD1454BA41F0F27A7D6D49A8607870E5264535F3C8D10C28139CCAF746,kujira1pkmjc7p7lqg6m3nm7csde88pnpad945kla5hyu,kujira1e6fjnq7q20sh9cca76wdkfg69esha5zn53jjewrtjgm4nktk824stzyysu,4455093ukuji
2023-06-30T18:01:59Z,D632836595A9CA997395D443F5B29AC7D93557C154E0554C3452C6AE4E94B172,kujira1pkmjc7p7lqg6m3nm7csde88pnpad945kla5hyu,kujira1e6fjnq7q20sh9cca76wdkfg69esha5zn53jjewrtjgm4nktk824stzyysu,2070939ibc/295548A78785A1007F232DE286149A6FF512F180AF5657780FC89C009E2C348F
2023-06-26T15:13:29Z,F5A8867D36868E4691CC8EEE30398FE2F01531EFC4BFF164520727F11EF84AAF,kujira17xpfvakm2amg962yls6f84z3kell8c5lp3pcxh,kujira1pkmjc7p7lqg6m3nm7csde88pnpad945kla5hyu,2268ukuji
2023-06-26T14:36:37Z,DD05370F354DEF999F90280355BB0E16AC338D418B49310B0CEA5C3E435CE1DD,kujira17xpfvakm2amg962yls6f84z3kell8c5lp3pcxh,kujira1nna7k5lywn99cd63elcfqm6p8c5c4qcuealpy7,390ukuji
2023-06-26T14:36:26Z,B84DC456F1BE88C163EE566DD3DD183A03B9D8DD5E44787DFD51F791C6F0AB2A,kujira1yl6hdjhmkf37639730gffanpzndzdpmhlh536f,kujira1pkmjc7p7lqg6m3nm7csde88pnpad945kla5hyu,80000000ibc/295548A78785A1007F232DE286149A6FF512F180AF5657780FC89C009E2C348F
2023-06-26T14:34:57Z,401C197CFD184CB57146CC96C2BA06632FD525F15EFE33F8921D17276CA4B61D,kujira17xpfvakm2amg962yls6f84z3kell8c5lp3pcxh,kujira1rwx6w02alc4kaz7xpyg3rlxpjl4g63x5jq292mkxgg65zqpn5llq202vh5,124934ibc/295548A78785A1007F232DE286149A6FF512F180AF5657780FC89C009E2C348F
2023-06-26T14:32:52Z,CD885E76C7C2FC40C9F1E90A6F49AEB605A05439C01A8541FF2736379E220581,kujira1q8y46xg993cqg3xjycyw2334tepey7dmnh5jk2psutrz3fc69teskctgfc,kujira1pkmjc7p7lqg6m3nm7csde88pnpad945kla5hyu,100000000factory/kujira1qk00h5atutpsv900x202pxx42npjr9thg58dnqpa72f2p7m2luase444a7/uusk
2023-06-26T14:32:03Z,C8267FE566090817D8BC7332019EE7BF08B5AE71FCED6F0C4573442121C02401,kujira1pkmjc7p7lqg6m3nm7csde88pnpad945kla5hyu,kujira1q8y46xg993cqg3xjycyw2334tepey7dmnh5jk2psutrz3fc69teskctgfc,180874281factory/kujira1qk00h5atutpsv900x202pxx42npjr9thg58dnqpa72f2p7m2luase444a7/uusk
2023-06-23T18:43:29Z,2E565E00AA69AECAFAE88134F9386FC3F209A250406E22DBB78B5A7D87DFDA7C,kujira1pkmjc7p7lqg6m3nm7csde88pnpad945kla5hyu,kujira1e6fjnq7q20sh9cca76wdkfg69esha5zn53jjewrtjgm4nktk824stzyysu,3353075ukuji
2023-06-23T18:01:31Z,A9E8DD929DCDA91097DC72137F048247E39F1055CB6EACF4E7C8883643EDA7BA,kujira1pkmjc7p7lqg6m3nm7csde88pnpad945kla5hyu,kujira1e6fjnq7q20sh9cca76wdkfg69esha5zn53jjewrtjgm4nktk824stzyysu,2634392ibc/295548A78785A1007F232DE286149A6FF512F180AF5657780FC89C009E2C348F
2023-06-16T18:43:27Z,33ABA7F9A72F4D6ABAE8E33A2C0990C1E5A1025A1D8EF2DC4697EE5AB98E5AE6,kujira1pkmjc7p7lqg6m3nm7csde88pnpad945kla5hyu,kujira1e6fjnq7q20sh9cca76wdkfg69esha5zn53jjewrtjgm4nktk824stzyysu,5186097ukuji
2023-06-16T18:01:26Z,4A7ED54555B9A7DB80F98797FF0480E7EC390EAC1007F43EF4CC1C481A21CA5A,kujira1pkmjc7p7lqg6m3nm7csde88pnpad945kla5hyu,kujira1e6fjnq7q20sh9cca76wdkfg69esha5zn53jjewrtjgm4nktk824stzyysu,1463003ibc/295548A78785A1007F232DE286149A6FF512F180AF5657780FC89C009E2C348F
2023-06-14T21:22:42Z,48EAA8F7CD41E9103DEF373CE9C24BFF5B730A38DA3D411E9D85D204970C3316,kujira17xpfvakm2amg962yls6f84z3kell8c5lp3pcxh,kujira1pkmjc7p7lqg6m3nm7csde88pnpad945kla5hyu,2255ukuji
2023-06-14T21:10:57Z,900309C08AE58564C222992EAA888FE57D9C626A8191E408A30FC36472FD0880,kujira1q8y46xg993cqg3xjycyw2334tepey7dmnh5jk2psutrz3fc69teskctgfc,kujira1pkmjc7p7lqg6m3nm7csde88pnpad945kla5hyu,180874281factory/kujira1qk00h5atutpsv900x202pxx42npjr9thg58dnqpa72f2p7m2luase444a7/uusk
2023-06-14T21:10:21Z,FBEDE31B19A18E6BEA3E57E57398DCCF1971B880AA09747627D7B90380E2497F,kujira17xpfvakm2amg962yls6f84z3kell8c5lp3pcxh,kujira1rwx6w02alc4kaz7xpyg3rlxpjl4g63x5jq292mkxgg65zqpn5llq202vh5,271719factory/kujira1qk00h5atutpsv900x202pxx42npjr9thg58dnqpa72f2p7m2luase444a7/uusk
2023-06-14T21:05:11Z,94F196855D27C4B40DB1CBCA3C948EFB600C7249FF25F517FAFEBA87B22B5FF8,kujira17xpfvakm2amg962yls6f84z3kell8c5lp3pcxh,kujira1xr3rq8yvd7qplsw5yx90ftsr2zdhg4e9z60h5duusgxpv72hud3sl8nek6,280793ibc/295548A78785A1007F232DE286149A6FF512F180AF5657780FC89C009E2C348F
2023-06-14T21:03:36Z,5B252B19DCE3707EDC72462FC8CFADE1AD12BFCD22FBE58A907A5CC7801989DC,kujira1pkmjc7p7lqg6m3nm7csde88pnpad945kla5hyu,kujira1yum4v0v5l92jkxn8xpn9mjg7wuldk784ctg424ue8gqvdp88qzlqr2qp2j,22266104ibc/27394FB092D2ECCD56123C74F36E4C1F926001CEADA9CA97EA622B25F41E5EB2
2023-06-10T16:09:42Z,D338F554F8CE53D71701D3831CC7BA89F5263B2B03FF79E74F39563EB9838567,kujira1yum4v0v5l92jkxn8xpn9mjg7wuldk784ctg424ue8gqvdp88qzlqr2qp2j,kujira1pkmjc7p7lqg6m3nm7csde88pnpad945kla5hyu,10306104ibc/27394FB092D2ECCD56123C74F36E4C1F926001CEADA9CA97EA622B25F41E5EB2
2023-06-10T16:08:27Z,BFC90213A968AFD884406813DFCEEE2218602F0BA080D7BB32AF5BCF7B6A3FDD,kujira1yum4v0v5l92jkxn8xpn9mjg7wuldk784ctg424ue8gqvdp88qzlqr2qp2j,kujira1pkmjc7p7lqg6m3nm7csde88pnpad945kla5hyu,11960000ibc/27394FB092D2ECCD56123C74F36E4C1F926001CEADA9CA97EA622B25F41E5EB2
2023-06-10T16:07:11Z,12FB252B12E1582E4247E818562BA09144079F21B9C08939E1FF0CCF7289B5E5,kujira18afpdapfxxlvxcf95a3rd6p0fsw37mnfryqg30,kujira1qk00h5atutpsv900x202pxx42npjr9thg58dnqpa72f2p7m2luase444a7,25005861factory/kujira1qk00h5atutpsv900x202pxx42npjr9thg58dnqpa72f2p7m2luase444a7/uusk
2023-06-10T16:06:34Z,DB028EE3AA906A81F2760FC3586857755AAA16695A671A93FF2127EA26B97EC8,kujira17xpfvakm2amg962yls6f84z3kell8c5lp3pcxh,kujira1ecgazyd0waaj3g7l9cmy5gulhxkps2gmxu9ghducvuypjq68mq2smfdslf,101ibc/27394FB092D2ECCD56123C74F36E4C1F926001CEADA9CA97EA622B25F41E5EB2
2023-06-10T16:05:47Z,7CE2F5BD0497C37EEB13F3844601AF5F6BC7DB48151EABA805A9AF0BBE9B9DBD,kujira1pkmjc7p7lqg6m3nm7csde88pnpad945kla5hyu,kujira1q8y46xg993cqg3xjycyw2334tepey7dmnh5jk2psutrz3fc69teskctgfc,84376010factory/kujira1qk00h5atutpsv900x202pxx42npjr9thg58dnqpa72f2p7m2luase444a7/uusk
2023-06-10T07:55:39Z,F71C334D04493F5137987580FC6D85BE4D01D9467A56E6F4B3B7A014695870BB,kujira17xpfvakm2amg962yls6f84z3kell8c5lp3pcxh,kujira1pkmjc7p7lqg6m3nm7csde88pnpad945kla5hyu,2249ukuji
2023-06-10T07:43:20Z,9F167F69A4AD4F25A16AE2366FFDC5F963AAE558C59626F6A761FC598FCA5F7C,kujira1q8y46xg993cqg3xjycyw2334tepey7dmnh5jk2psutrz3fc69teskctgfc,kujira1pkmjc7p7lqg6m3nm7csde88pnpad945kla5hyu,84376010factory/kujira1qk00h5atutpsv900x202pxx42npjr9thg58dnqpa72f2p7m2luase444a7/uusk
2023-06-10T07:42:21Z,B7D8BDD91209DE0DE27621DCE2E7BF2D04603C66774520ECE4C0D89693FDFAD8,kujira1pkmjc7p7lqg6m3nm7csde88pnpad945kla5hyu,kujira1q8y46xg993cqg3xjycyw2334tepey7dmnh5jk2psutrz3fc69teskctgfc,25065231factory/kujira1qk00h5atutpsv900x202pxx42npjr9thg58dnqpa72f2p7m2luase444a7/uusk
2023-06-10T07:42:07Z,7388CA41FD191596EE33AA65469D94C9C23659AA8E9C6EEA5C0B28AFBAB3563D,kujira1pkmjc7p7lqg6m3nm7csde88pnpad945kla5hyu,kujira1q8y46xg993cqg3xjycyw2334tepey7dmnh5jk2psutrz3fc69teskctgfc,59310779factory/kujira1qk00h5atutpsv900x202pxx42npjr9thg58dnqpa72f2p7m2luase444a7/uusk
2023-06-10T04:47:28Z,877294F6D27BC53A8A80DDD90B7E6BC06F6BC4FB928AE0D559E1AA9B5384974D,kujira17xpfvakm2amg962yls6f84z3kell8c5lp3pcxh,kujira1pkmjc7p7lqg6m3nm7csde88pnpad945kla5hyu,2249ukuji
2023-06-10T04:37:07Z,8263AA34BC4BBC180802014F964D9DA3C13B7341A26656804EA0C66FB24317BC,kujira1q8y46xg993cqg3xjycyw2334tepey7dmnh5jk2psutrz3fc69teskctgfc,kujira1pkmjc7p7lqg6m3nm7csde88pnpad945kla5hyu,25065231factory/kujira1qk00h5atutpsv900x202pxx42npjr9thg58dnqpa72f2p7m2luase444a7/uusk
2023-06-10T04:36:48Z,FC6E12216FF46629A941C2BE5CA7BD27DB8A72FE616175ECBCEB74E14E5D127B,kujira17xpfvakm2amg962yls6f84z3kell8c5lp3pcxh,kujira1fjews4jcm2yx7una77ds7jjjzlx5vgsessguve8jd8v5rc4cgw9s8rlff8,25090factory/kujira1qk00h5atutpsv900x202pxx42npjr9thg58dnqpa72f2p7m2luase444a7/uusk
2023-06-10T04:35:22Z,9E392D27C46C86843883BA2F701ED60A1FCC315D00AFDE23F9009326AEBE6969,kujira1q8y46xg993cqg3xjycyw2334tepey7dmnh5jk2psutrz3fc69teskctgfc,kujira1pkmjc7p7lqg6m3nm7csde88pnpad945kla5hyu,59310779factory/kujira1qk00h5atutpsv900x202pxx42npjr9thg58dnqpa72f2p7m2luase444a7/uusk
2023-06-10T04:35:04Z,25ADEAD040F137C3DE32B04A447D1306DD7D7B1166817F53C5FE78818619E134,kujira1pkmjc7p7lqg6m3nm7csde88pnpad945kla5hyu,kujira1q8y46xg993cqg3xjycyw2334tepey7dmnh5jk2psutrz3fc69teskctgfc,59310779factory/kujira1qk00h5atutpsv900x202pxx42npjr9thg58dnqpa72f2p7m2luase444a7/uusk
2023-06-10T04:26:38Z,F0642EB5F9FDC70F84B4A4B3198F992C43005AA557B3CCF746E04FD344E98F2E,kujira1q8y46xg993cqg3xjycyw2334tepey7dmnh5jk2psutrz3fc69teskctgfc,kujira1pkmjc7p7lqg6m3nm7csde88pnpad945kla5hyu,59310779factory/kujira1qk00h5atutpsv900x202pxx42npjr9thg58dnqpa72f2p7m2luase444a7/uusk
2023-06-10T04:25:43Z,1D342B5A67B36E47E86546403DA8E69385C3A79C5B0FD67707845EA2C025D57F,kujira1pkmjc7p7lqg6m3nm7csde88pnpad945kla5hyu,kujira1q8y46xg993cqg3xjycyw2334tepey7dmnh5jk2psutrz3fc69teskctgfc,59310779factory/kujira1qk00h5atutpsv900x202pxx42npjr9thg58dnqpa72f2p7m2luase444a7/uusk
2023-06-10T04:19:08Z,DC81876B3C1D4BC072661A6E4CA07EF2E8E42D4162F399BA1EA2B8889640E22E,kujira1q8y46xg993cqg3xjycyw2334tepey7dmnh5jk2psutrz3fc69teskctgfc,kujira1pkmjc7p7lqg6m3nm7csde88pnpad945kla5hyu,59310779factory/kujira1qk00h5atutpsv900x202pxx42npjr9thg58dnqpa72f2p7m2luase444a7/uusk
2023-06-10T04:18:44Z,CF1C0E9B8EECEBA1E00B4EB82104C7FF7C1D98554F27A787499FF3503D018834,kujira17xpfvakm2amg962yls6f84z3kell8c5lp3pcxh,kujira1ecgazyd0waaj3g7l9cmy5gulhxkps2gmxu9ghducvuypjq68mq2smfdslf,59370factory/kujira1qk00h5atutpsv900x202pxx42npjr9thg58dnqpa72f2p7m2luase444a7/uusk
2023-06-10T04:18:26Z,110D733773661BB5CAAF93E683EB466620DD56F25093D5FBEBFC251939CF767E,kujira1pkmjc7p7lqg6m3nm7csde88pnpad945kla5hyu,kujira1yum4v0v5l92jkxn8xpn9mjg7wuldk784ctg424ue8gqvdp88qzlqr2qp2j,10362508ibc/27394FB092D2ECCD56123C74F36E4C1F926001CEADA9CA97EA622B25F41E5EB2
2023-06-10T04:15:10Z,1A271758BE3DDA275D891D0D61E9FB38EE2C9612A4C6034F30BAAA087C9D2268,kujira17xpfvakm2amg962yls6f84z3kell8c5lp3pcxh,kujira1q8y46xg993cqg3xjycyw2334tepey7dmnh5jk2psutrz3fc69teskctgfc,59817ibc/27394FB092D2ECCD56123C74F36E4C1F926001CEADA9CA97EA622B25F41E5EB2
2023-06-09T22:27:54Z,35A0DC187ADB76BCAAF45BDBE3A219E11AB4C1E2B090E8A8C502880C9D5795FF,kujira17xpfvakm2amg962yls6f84z3kell8c5lp3pcxh,kujira1pkmjc7p7lqg6m3nm7csde88pnpad945kla5hyu,2269ukuji
2023-06-09T22:10:34Z,4EFA6856BBD1C5EE0F05C5E3CEC49CF3C537341558FA662FFD82A2ADB789AAD8,kujira1q8y46xg993cqg3xjycyw2334tepey7dmnh5jk2psutrz3fc69teskctgfc,kujira1pkmjc7p7lqg6m3nm7csde88pnpad945kla5hyu,101295197factory/kujira1qk00h5atutpsv900x202pxx42npjr9thg58dnqpa72f2p7m2luase444a7/uusk
2023-06-09T22:08:53Z,34FBCFA5033AFDEEFEFFEDCE262BF053A6733082F801F2F2C0CB5BEA2BBB3A1F,kujira1pkmjc7p7lqg6m3nm7csde88pnpad945kla5hyu,kujira1q8y46xg993cqg3xjycyw2334tepey7dmnh5jk2psutrz3fc69teskctgfc,101295197factory/kujira1qk00h5atutpsv900x202pxx42npjr9thg58dnqpa72f2p7m2luase444a7/uusk
2023-06-09T21:50:31Z,1032EE6581B037913546CA8C5EC5264FB54BA7009BFAAFDA9D8885B276AD0FEA,kujira1q8y46xg993cqg3xjycyw2334tepey7dmnh5jk2psutrz3fc69teskctgfc,kujira1pkmjc7p7lqg6m3nm7csde88pnpad945kla5hyu,101295197factory/kujira1qk00h5atutpsv900x202pxx42npjr9thg58dnqpa72f2p7m2luase444a7/uusk
2023-06-09T21:50:12Z,24CC2DC10FA828B0336F522DC9CF11B4B213408B52F52F375A44C266C2B29941,kujira1pkmjc7p7lqg6m3nm7csde88pnpad945kla5hyu,kujira1q8y46xg993cqg3xjycyw2334tepey7dmnh5jk2psutrz3fc69teskctgfc,25323799factory/kujira1qk00h5atutpsv900x202pxx42npjr9thg58dnqpa72f2p7m2luase444a7/uusk
2023-06-09T21:50:05Z,CC2491FAB80E603D5F192D888CEB321EB999D560E35AA9F99ECD1409F9FFAF87,kujira1pkmjc7p7lqg6m3nm7csde88pnpad945kla5hyu,kujira1q8y46xg993cqg3xjycyw2334tepey7dmnh5jk2psutrz3fc69teskctgfc,75971398factory/kujira1qk00h5atutpsv900x202pxx42npjr9thg58dnqpa72f2p7m2luase444a7/uusk
2023-06-09T21:49:57Z,BBE6455D29339082EEA1FC326AF3C925F13F1ABD5F50712A4722E1F1B79A6917,kujira1yum4v0v5l92jkxn8xpn9mjg7wuldk784ctg424ue8gqvdp88qzlqr2qp2j,kujira1pkmjc7p7lqg6m3nm7csde88pnpad945kla5hyu,10362508ibc/27394FB092D2ECCD56123C74F36E4C1F926001CEADA9CA97EA622B25F41E5EB2
2023-06-09T21:48:19Z,3C1D9C29A813A402761B2A8F95FFFAB1DF801E29ACB21919608E7D22DA93E703,kujira17xpfvakm2amg962yls6f84z3kell8c5lp3pcxh,kujira1q8y46xg993cqg3xjycyw2334tepey7dmnh5jk2psutrz3fc69teskctgfc,52072ibc/27394FB092D2ECCD56123C74F36E4C1F926001CEADA9CA97EA622B25F41E5EB2
2023-06-09T18:43:30Z,7B17071AC208501B367374D95B7C888C921249ADFDE52BC000121E629407A64B,kujira1pkmjc7p7lqg6m3nm7csde88pnpad945kla5hyu,kujira1e6fjnq7q20sh9cca76wdkfg69esha5zn53jjewrtjgm4nktk824stzyysu,4624415ukuji
2023-06-09T18:00:27Z,60162C989E3B44A494A8CE844F829482E5800C6C158D3FC21A287A5FB1C0A92F,kujira1pkmjc7p7lqg6m3nm7csde88pnpad945kla5hyu,kujira1e6fjnq7q20sh9cca76wdkfg69esha5zn53jjewrtjgm4nktk824stzyysu,2145078ibc/295548A78785A1007F232DE286149A6FF512F180AF5657780FC89C009E2C348F
2023-06-09T08:40:19Z,E49B63B5F76D33EF2F59313429924495EFEE50AAAC55328F5AE854B0DB340ADC,kujira17xpfvakm2amg962yls6f84z3kell8c5lp3pcxh,kujira1pkmjc7p7lqg6m3nm7csde88pnpad945kla5hyu,2268ukuji
2023-06-09T08:30:11Z,64844AE3C9D54D34481DDB13EC0A80EC84363D613AB8799CAEEFE4E636245AE9,kujira1q8y46xg993cqg3xjycyw2334tepey7dmnh5jk2psutrz3fc69teskctgfc,kujira1pkmjc7p7lqg6m3nm7csde88pnpad945kla5hyu,90015046factory/kujira1qk00h5atutpsv900x202pxx42npjr9thg58dnqpa72f2p7m2luase444a7/uusk
2023-06-09T07:07:37Z,71F84B5B9897EDA1DBF9C68F2CAFC45E4EB1C694359874C0B6FE48914C4C53A5,kujira1pkmjc7p7lqg6m3nm7csde88pnpad945kla5hyu,kujira1e6fjnq7q20sh9cca76wdkfg69esha5zn53jjewrtjgm4nktk824stzyysu,2645938308955908ibc/1B38805B1C75352B28169284F96DF56BDEBD9E8FAC005BDCC8CF0378C82AA8E7
2023-06-07T19:08:17Z,3B8C7F426138E94365AACB1D0A98E7702D80C7E66A7F9FDD8CAE27C31D2F3AC3,kujira1yum4v0v5l92jkxn8xpn9mjg7wuldk784ctg424ue8gqvdp88qzlqr2qp2j,kujira1pkmjc7p7lqg6m3nm7csde88pnpad945kla5hyu,9791588ibc/27394FB092D2ECCD56123C74F36E4C1F926001CEADA9CA97EA622B25F41E5EB2
2023-06-07T18:54:58Z,EC92606D65FCB99398A2B7F148CE1493409E0C282D61874417BAAF20C696226D,kujira17xpfvakm2amg962yls6f84z3kell8c5lp3pcxh,kujira1q8y46xg993cqg3xjycyw2334tepey7dmnh5jk2psutrz3fc69teskctgfc,49203ibc/27394FB092D2ECCD56123C74F36E4C1F926001CEADA9CA97EA622B25F41E5EB2
2023-06-06T09:43:07Z,17CF50717D84732706A7525F74F1793372EC62C14721C819149851EA05FE6F79,kujira17xpfvakm2amg962yls6f84z3kell8c5lp3pcxh,kujira1pkmjc7p7lqg6m3nm7csde88pnpad945kla5hyu,2774ukuji
2023-06-06T09:19:27Z,EA2C2B48E5B25AB8DCEF70C4374ED046FBA5B6DCAC9BDF38BE5FDA686219801E,kujira1q8y46xg993cqg3xjycyw2334tepey7dmnh5jk2psutrz3fc69teskctgfc,kujira1pkmjc7p7lqg6m3nm7csde88pnpad945kla5hyu,75971398factory/kujira1qk00h5atutpsv900x202pxx42npjr9thg58dnqpa72f2p7m2luase444a7/uusk
2023-06-06T09:18:53Z,A853316114F2034E48EB94051DA3BD79E783787CB2D1B2B4BAC6CE6D976A4875,kujira1q8y46xg993cqg3xjycyw2334tepey7dmnh5jk2psutrz3fc69teskctgfc,kujira1pkmjc7p7lqg6m3nm7csde88pnpad945kla5hyu,25323799factory/kujira1qk00h5atutpsv900x202pxx42npjr9thg58dnqpa72f2p7m2luase444a7/uusk
2023-06-06T09:17:53Z,7B4D3EF271F1F98464907BF4F10B95755331E2C2AE80CEA13D3E8701126E932F,kujira1pkmjc7p7lqg6m3nm7csde88pnpad945kla5hyu,kujira144sn0hdpar2enufzme5wqgefeng6m6np6csadmwy7sk5ae3pv9wqw0hj75,101295197factory/kujira1qk00h5atutpsv900x202pxx42npjr9thg58dnqpa72f2p7m2luase444a7/uusk
2023-06-05T20:51:23Z,B245FF75CA7DDA39EE32046C44203F8132A7F58638A557AA7606303FB257C4C5,kujira17xpfvakm2amg962yls6f84z3kell8c5lp3pcxh,kujira1pkmjc7p7lqg6m3nm7csde88pnpad945kla5hyu,2263ukuji
2023-06-02T18:42:48Z,8652D1C83EDD0539385D88ABE3CC28EE7C75D588C75F8C5FA9639B83A477DA09,kujira1e6fjnq7q20sh9cca76wdkfg69esha5zn53jjewrtjgm4nktk824stzyysu,kujira1pkmjc7p7lqg6m3nm7csde88pnpad945kla5hyu,75000000ibc/295548A78785A1007F232DE286149A6FF512F180AF5657780FC89C009E2C348F
2023-06-02T18:39:07Z,9BD5C897D2188782378D28643BE33B0DB2DA6B3385A06CEC1A23DEE83CF6A462,kujira1vq6vrr4nu0w4mmu36pkznzqddmdlf4r5w3qpxy,kujira1pkmjc7p7lqg6m3nm7csde88pnpad945kla5hyu,500170ibc/295548A78785A1007F232DE286149A6FF512F180AF5657780FC89C009E2C348F
2023-06-02T18:35:53Z,AD9D44375015293B1A4BD691C9CEBF503741763F016B14F1F5874CCE1458E306,kujira1e6fjnq7q20sh9cca76wdkfg69esha5zn53jjewrtjgm4nktk824stzyysu,kujira1pkmjc7p7lqg6m3nm7csde88pnpad945kla5hyu,150000000ukuji
2023-06-02T18:30:38Z,15A5F10B69A59B427EE6A2DB7D2F6F8FB9E0837B8CE34B3BE9355D024101B770,kujira1pkmjc7p7lqg6m3nm7csde88pnpad945kla5hyu,kujira14hj2tavq8fpesdwxxcu44rty3hh90vhujrvcmstl4zr3txmfvw9sl4e867,33771467ukuji
2023-06-01T23:01:40Z,882F4E96EA617F5B284B4732295301CE2E5910DE4174F821C33996848E312F5F,kujira1pkmjc7p7lqg6m3nm7csde88pnpad945kla5hyu,kujira1e6fjnq7q20sh9cca76wdkfg69esha5zn53jjewrtjgm4nktk824stzyysu,2605729939833927ibc/1B38805B1C75352B28169284F96DF56BDEBD9E8FAC005BDCC8CF0378C82AA8E7
2023-06-01T14:55:53Z,EC1CC4325E9277EFB40CBEA3FB907864BFCACDFEA5C603AB7CC9F61D401C0525,kujira144sn0hdpar2enufzme5wqgefeng6m6np6csadmwy7sk5ae3pv9wqw0hj75,kujira1pkmjc7p7lqg6m3nm7csde88pnpad945kla5hyu,101295197factory/kujira1qk00h5atutpsv900x202pxx42npjr9thg58dnqpa72f2p7m2luase444a7/uusk
2023-06-01T14:55:40Z,5404037966B2B82E40B685969CECFA4FF73A362479E375EFFDB25E5D14C16FAF,kujira1pkmjc7p7lqg6m3nm7csde88pnpad945kla5hyu,kujira144sn0hdpar2enufzme5wqgefeng6m6np6csadmwy7sk5ae3pv9wqw0hj75,54958750factory/kujira1qk00h5atutpsv900x202pxx42npjr9thg58dnqpa72f2p7m2luase444a7/uusk
2023-06-01T14:55:35Z,9C4ADA5A748EEABB5A596BC6225DB0E0CDB860F8118A412BC819E2047684D1BA,kujira1pkmjc7p7lqg6m3nm7csde88pnpad945kla5hyu,kujira144sn0hdpar2enufzme5wqgefeng6m6np6csadmwy7sk5ae3pv9wqw0hj75,46336447factory/kujira1qk00h5atutpsv900x202pxx42npjr9thg58dnqpa72f2p7m2luase444a7/uusk
2023-06-01T14:48:52Z,F9BC6533B5E687CC3C096EC110606BC23BEF63E2E1F433DA421D1712D93DE986,kujira1e6fjnq7q20sh9cca76wdkfg69esha5zn53jjewrtjgm4nktk824stzyysu,kujira1pkmjc7p7lqg6m3nm7csde88pnpad945kla5hyu,55000000ibc/295548A78785A1007F232DE286149A6FF512F180AF5657780FC89C009E2C348F
2023-06-01T14:47:10Z,B52056276F952A03655DA84FEBE643E1F6333E15A2DF4508EC358C757FFC76B5,kujira17xpfvakm2amg962yls6f84z3kell8c5lp3pcxh,kujira14hj2tavq8fpesdwxxcu44rty3hh90vhujrvcmstl4zr3txmfvw9sl4e867,43994ibc/295548A78785A1007F232DE286149A6FF512F180AF5657780FC89C009E2C348F
2023-05-29T12:22:55Z,31C9598D827D2D79985ED253FAB7C0D7386377E050AA62B9E7F2037379055564,kujira1pkmjc7p7lqg6m3nm7csde88pnpad945kla5hyu,kujira1e6fjnq7q20sh9cca76wdkfg69esha5zn53jjewrtjgm4nktk824stzyysu,5488992ukuji
2023-05-27T22:33:36Z,EA970B04A1CABCF2D22473F1A1CF4D4639D28A36109C06C601E71A3F7BB8F587,kujira144sn0hdpar2enufzme5wqgefeng6m6np6csadmwy7sk5ae3pv9wqw0hj75,kujira1pkmjc7p7lqg6m3nm7csde88pnpad945kla5hyu,54958750factory/kujira1qk00h5atutpsv900x202pxx42npjr9thg58dnqpa72f2p7m2luase444a7/uusk
2023-05-27T22:30:54Z,8D9A8378F5B94E77F98504F8380C5473C8197FDE0660DA934A74445699CE0D4D,kujira17xpfvakm2amg962yls6f84z3kell8c5lp3pcxh,kujira1nna7k5lywn99cd63elcfqm6p8c5c4qcuealpy7,375ukuji
2023-05-27T22:30:19Z,74AED29D397162B61420A433C8D8C54D6C4B917449438D0EB4C353B910CF5C6D,kujira1yl6hdjhmkf37639730gffanpzndzdpmhlh536f,kujira1pkmjc7p7lqg6m3nm7csde88pnpad945kla5hyu,125740640ibc/295548A78785A1007F232DE286149A6FF512F180AF5657780FC89C009E2C348F
2023-05-27T22:29:01Z,1AF413565744D37859C08AB9142EF50981AF79FB9937AABFD05B2D10E1DD9DB8,kujira17xpfvakm2amg962yls6f84z3kell8c5lp3pcxh,kujira1rwx6w02alc4kaz7xpyg3rlxpjl4g63x5jq292mkxgg65zqpn5llq202vh5,"41250factory/kujira1qk00h5atutpsv900x202pxx42npjr9thg58dnqpa72f2p7m2luase444a7/uusk,93681ibc/295548A78785A1007F232DE286149A6FF512F180AF5657780FC89C009E2C348F"
2023-05-27T22:28:17Z,DC00F56189044F3B50F374DAF7E23B76CA4160D0E37F06AA8F272C1C44A79699,kujira1rwx6w02alc4kaz7xpyg3rlxpjl4g63x5jq292mkxgg65zqpn5llq202vh5,kujira1pkmjc7p7lqg6m3nm7csde88pnpad945kla5hyu,119887167factory/kujira1qk00h5atutpsv900x202pxx42npjr9thg58dnqpa72f2p7m2luase444a7/uusk
2023-05-27T22:27:51Z,4E860DCA1D2F58595D1502EE227764D1B4796FA0F8E28E9C47A5C7CBF6676A9B,kujira1pkmjc7p7lqg6m3nm7csde88pnpad945kla5hyu,kujira1rwx6w02alc4kaz7xpyg3rlxpjl4g63x5jq292mkxgg65zqpn5llq202vh5,119887167factory/kujira1qk00h5atutpsv900x202pxx42npjr9thg58dnqpa72f2p7m2luase444a7/uusk
2023-05-27T22:27:20Z,DE03D79084BA0E8C2CB4C9F4DDF46F7B8EF3F94D010FB4D491A8D27650905A78,kujira1rwx6w02alc4kaz7xpyg3rlxpjl4g63x5jq292mkxgg65zqpn5llq202vh5,kujira1pkmjc7p7lqg6m3nm7csde88pnpad945kla5hyu,119887167factory/kujira1qk00h5atutpsv900x202pxx42npjr9thg58dnqpa72f2p7m2luase444a7/uusk
2023-05-27T22:25:48Z,44920C537C772072DFA62E42526557F25C69062460F2E562CB01A8517A9CFE64,kujira17xpfvakm2amg962yls6f84z3kell8c5lp3pcxh,kujira1qqlk2773dvj8cyv3ftnzvyrknq78yryghp3uyumnumaxu656yreszrdph0,41637factory/kujira1qk00h5atutpsv900x202pxx42npjr9thg58dnqpa72f2p7m2luase444a7/uusk
2023-05-27T22:25:28Z,08118B2458735B931D21386C8C2766E07041F20B76B189F962AC538B53162FD8,kujira1qqlk2773dvj8cyv3ftnzvyrknq78yryghp3uyumnumaxu656yreszrdph0,kujira1pkmjc7p7lqg6m3nm7csde88pnpad945kla5hyu,1586178650ibc/640E1C3E28FD45F611971DF891AE3DC90C825DF759DF8FAA8F33F7F72B35AD56
2023-05-27T22:25:05Z,293DB82BD23939FBE14B3254D5C60CE711B3D3C7AD74BD6641EA2C90814FCECC,kujira1pkmjc7p7lqg6m3nm7csde88pnpad945kla5hyu,kujira1yl6hdjhmkf37639730gffanpzndzdpmhlh536f,1586178650ibc/640E1C3E28FD45F611971DF891AE3DC90C825DF759DF8FAA8F33F7F72B35AD56
2023-05-27T22:21:10Z,5D0B65C84BFB579F8565FA57264C9BFB28DA46DF64810149C48CD5637461798F,kujira17xpfvakm2amg962yls6f84z3kell8c5lp3pcxh,kujira1qqlk2773dvj8cyv3ftnzvyrknq78yryghp3uyumnumaxu656yreszrdph0,48345factory/kujira1qk00h5atutpsv900x202pxx42npjr9thg58dnqpa72f2p7m2luase444a7/uusk
2023-05-27T22:20:54Z,0FCB53D118CC6DCD12FDC5D5909540B57D8795790F2A9FBA153F058CA426B603,kujira1qqlk2773dvj8cyv3ftnzvyrknq78yryghp3uyumnumaxu656yreszrdph0,kujira1pkmjc7p7lqg6m3nm7csde88pnpad945kla5hyu,414057462ibc/640E1C3E28FD45F611971DF891AE3DC90C825DF759DF8FAA8F33F7F72B35AD56
2023-05-27T22:20:43Z,09C62E13E1D3CD961514445E8A7BE86AF520840A5785DC91260C8178165534D3,kujira1qqlk2773dvj8cyv3ftnzvyrknq78yryghp3uyumnumaxu656yreszrdph0,kujira1pkmjc7p7lqg6m3nm7csde88pnpad945kla5hyu,1388000000ibc/640E1C3E28FD45F611971DF891AE3DC90C825DF759DF8FAA8F33F7F72B35AD56
2023-05-27T22:19:24Z,3841889246C6C7B3B85ED8205B5356F3318692F668C6ECEB0A408175DCB08E20,kujira1pkmjc7p7lqg6m3nm7csde88pnpad945kla5hyu,kujira1yl6hdjhmkf37639730gffanpzndzdpmhlh536f,1802057462ibc/640E1C3E28FD45F611971DF891AE3DC90C825DF759DF8FAA8F33F7F72B35AD56
2023-05-27T16:35:41Z,BB22108711B3977B7F158B369007077B76ADD4179DCF2B650E3C162F6B28FF67,kujira14hj2tavq8fpesdwxxcu44rty3hh90vhujrvcmstl4zr3txmfvw9sl4e867,kujira1pkmjc7p7lqg6m3nm7csde88pnpad945kla5hyu,33771467ukuji
2023-05-27T16:35:26Z,BF498614AB9F6FB664125F483E8232D28A48FEB2547CF827A459217E0073A975,kujira14hj2tavq8fpesdwxxcu44rty3hh90vhujrvcmstl4zr3txmfvw9sl4e867,kujira1pkmjc7p7lqg6m3nm7csde88pnpad945kla5hyu,45029254ukuji
2023-05-27T16:34:51Z,D4DBC29D2C341C61A70F22282875FC2FC666C62C6A6166B92188263B104E256B,kujira14hj2tavq8fpesdwxxcu44rty3hh90vhujrvcmstl4zr3txmfvw9sl4e867,kujira1pkmjc7p7lqg6m3nm7csde88pnpad945kla5hyu,60039701ukuji
2023-05-27T16:33:30Z,2EBBC7461422BAC9EFCDF01DF7EF142B366D803E189725A861C2187D1D0A6652,kujira1pkmjc7p7lqg6m3nm7csde88pnpad945kla5hyu,kujira193dzcmy7lwuj4eda3zpwwt9ejal00xva0vawcvhgsyyp5cfh6jyq66wfrf,150099767ukuji
2023-05-25T23:01:05Z,BBDBE8B9A5DE848EFB2275CC644AAD1C9C841099242DD7BFE4610D1E95F5ED50,kujira1pkmjc7p7lqg6m3nm7csde88pnpad945kla5hyu,kujira1e6fjnq7q20sh9cca76wdkfg69esha5zn53jjewrtjgm4nktk824stzyysu,2719003322440983ibc/1B38805B1C75352B28169284F96DF56BDEBD9E8FAC005BDCC8CF0378C82AA8E7
2023-05-25T18:17:36Z,1874B02F78A7D7BF88010AE3E8C922B2BFB67B7C10F360D4F0A214C2A9AFF599,kujira193dzcmy7lwuj4eda3zpwwt9ejal00xva0vawcvhgsyyp5cfh6jyq66wfrf,kujira1pkmjc7p7lqg6m3nm7csde88pnpad945kla5hyu,90059790ukuji
2023-05-25T18:16:31Z,56399ECC6E3591180FE165A080ECAE9F30658F76F28E9A32B91384D4B0024030,kujira193dzcmy7lwuj4eda3zpwwt9ejal00xva0vawcvhgsyyp5cfh6jyq66wfrf,kujira1pkmjc7p7lqg6m3nm7csde88pnpad945kla5hyu,60039977ukuji
2023-05-22T12:22:35Z,3C03BFF8FEE6754021BDF7FE393B893916A830C7D4FA6A4519FAE08E48AEA843,kujira1pkmjc7p7lqg6m3nm7csde88pnpad945kla5hyu,kujira1e6fjnq7q20sh9cca76wdkfg69esha5zn53jjewrtjgm4nktk824stzyysu,6579521ukuji
2023-05-18T23:00:43Z,01A063B97CC673C472E386B2052907D2C6DFF9112C4E4A46A3C56D836AE627BF,kujira1pkmjc7p7lqg6m3nm7csde88pnpad945kla5hyu,kujira1e6fjnq7q20sh9cca76wdkfg69esha5zn53jjewrtjgm4nktk824stzyysu,2690798810478192ibc/1B38805B1C75352B28169284F96DF56BDEBD9E8FAC005BDCC8CF0378C82AA8E7
2023-05-18T21:52:23Z,01210CB39613F210AB0B33314F38898D99B1D5E2E843D722ED566F7B3BB317BD,kujira1pkmjc7p7lqg6m3nm7csde88pnpad945kla5hyu,kujira143fwcudwy0exd6zd3xyvqt2kae68ud6n8jqchufu7wdg5sryd4lqtlvvep,220000130ukuji
2023-05-17T11:37:26Z,46DECA03BD879C1E64AF7AA17F1B52BC357546ED38E844358A0ECDEE0DB7CB2D,kujira144sn0hdpar2enufzme5wqgefeng6m6np6csadmwy7sk5ae3pv9wqw0hj75,kujira1pkmjc7p7lqg6m3nm7csde88pnpad945kla5hyu,46336447factory/kujira1qk00h5atutpsv900x202pxx42npjr9thg58dnqpa72f2p7m2luase444a7/uusk
2023-05-17T11:37:06Z,692C33B3A923D9B15E27232DD584D18571FD9FE4D571EC9885A1029E181E5AF0,kujira1pkmjc7p7lqg6m3nm7csde88pnpad945kla5hyu,kujira1sdlp8eqp4md6waqv2x9vlvt9dtzyx9ztt0zvkfxaw9kxh3t5gdvqypxlwz,46336447factory/kujira1qk00h5atutpsv900x202pxx42npjr9thg58dnqpa72f2p7m2luase444a7/uusk
2023-05-15T12:22:27Z,9043EC799E128D259916F2872543841941F6816FF505D7700ACF947C03C75766,kujira1pkmjc7p7lqg6m3nm7csde88pnpad945kla5hyu,kujira1e6fjnq7q20sh9cca76wdkfg69esha5zn53jjewrtjgm4nktk824stzyysu,7526573ukuji
2023-05-11T23:01:27Z,2C44A860AF3DBEEFD689756F43AEED9BB0DACA59D7FEE8608A63018415DA30C4,kujira1pkmjc7p7lqg6m3nm7csde88pnpad945kla5hyu,kujira1e6fjnq7q20sh9cca76wdkfg69esha5zn53jjewrtjgm4nktk824stzyysu,2695544178373949ibc/1B38805B1C75352B28169284F96DF56BDEBD9E8FAC005BDCC8CF0378C82AA8E7
2023-05-11T18:15:44Z,1D9B2E600FCDE98796C692B80AA9ABC549AEE08826FFA9D5C8284CEF2F800C7E,kujira17xpfvakm2amg962yls6f84z3kell8c5lp3pcxh,kujira1pkmjc7p7lqg6m3nm7csde88pnpad945kla5hyu,282ukuji
2023-05-11T17:55:26Z,F3579B65B9462E0C5C6A86ECB337968E2D157FF27C9F7484F34B7DC3C75F466D,kujira1sdlp8eqp4md6waqv2x9vlvt9dtzyx9ztt0zvkfxaw9kxh3t5gdvqypxlwz,kujira1pkmjc7p7lqg6m3nm7csde88pnpad945kla5hyu,46336447factory/kujira1qk00h5atutpsv900x202pxx42npjr9thg58dnqpa72f2p7m2luase444a7/uusk
2023-05-11T17:54:22Z,2AFFFD8F7FAD937AD958B72F2D272A9A2DA2F408E6A2E21912B3541B23EB478A,kujira1pkmjc7p7lqg6m3nm7csde88pnpad945kla5hyu,kujira144sn0hdpar2enufzme5wqgefeng6m6np6csadmwy7sk5ae3pv9wqw0hj75,46336447factory/kujira1qk00h5atutpsv900x202pxx42npjr9thg58dnqpa72f2p7m2luase444a7/uusk
2023-05-09T20:01:41Z,3A5C77A6A432A770662498742600B6616FC8629757D9143C43EB43FACE6734FD,kujira144sn0hdpar2enufzme5wqgefeng6m6np6csadmwy7sk5ae3pv9wqw0hj75,kujira1pkmjc7p7lqg6m3nm7csde88pnpad945kla5hyu,46336447factory/kujira1qk00h5atutpsv900x202pxx42npjr9thg58dnqpa72f2p7m2luase444a7/uusk
2023-05-09T20:00:23Z,845F009FE72DECE0EB90E3709E19BDBB5A77E58FDCE04EF599EF6FDAD9DFA913,kujira1pkmjc7p7lqg6m3nm7csde88pnpad945kla5hyu,kujira1sdlp8eqp4md6waqv2x9vlvt9dtzyx9ztt0zvkfxaw9kxh3t5gdvqypxlwz,46336447factory/kujira1qk00h5atutpsv900x202pxx42npjr9thg58dnqpa72f2p7m2luase444a7/uusk
2023-05-08T20:38:02Z,B41A5C9A1916B383749E109A6DA1651E84BA3CBF4787D3DBA58AB4E071E16D78,kujira1pkmjc7p7lqg6m3nm7csde88pnpad945kla5hyu,kujira18afpdapfxxlvxcf95a3rd6p0fsw37mnfryqg30,219999902factory/kujira143fwcudwy0exd6zd3xyvqt2kae68ud6n8jqchufu7wdg5sryd4lqtlvvep/urcpt
2023-05-08T20:37:44Z,80339232E943B89B74532DA32C2B1E28E39254D08DFB0DED396F1CCEC729F22F,kujira17xpfvakm2amg962yls6f84z3kell8c5lp3pcxh,kujira1pkmjc7p7lqg6m3nm7csde88pnpad945kla5hyu,557ukuji
2023-05-08T20:36:55Z,3B630BDE99AB43C07337A0DEB07E6C4041A1E8C0AF3656BF88BE4C9545B1F7E1,kujira1sdlp8eqp4md6waqv2x9vlvt9dtzyx9ztt0zvkfxaw9kxh3t5gdvqypxlwz,kujira1pkmjc7p7lqg6m3nm7csde88pnpad945kla5hyu,46336447factory/kujira1qk00h5atutpsv900x202pxx42npjr9thg58dnqpa72f2p7m2luase444a7/uusk
2023-05-08T20:36:18Z,35F01D11236DC09BC6F9E3DA8C60E544354D1CD4D4EBB865783A42FCFA16875C,kujira1q8y46xg993cqg3xjycyw2334tepey7dmnh5jk2psutrz3fc69teskctgfc,kujira1pkmjc7p7lqg6m3nm7csde88pnpad945kla5hyu,90000000factory/kujira1qk00h5atutpsv900x202pxx42npjr9thg58dnqpa72f2p7m2luase444a7/uusk
2023-05-08T20:35:43Z,F231730B4D522B352E757AFB5C7C7468F2A68329CD668CBADECC8A14D462D6B3,kujira1pkmjc7p7lqg6m3nm7csde88pnpad945kla5hyu,kujira1q8y46xg993cqg3xjycyw2334tepey7dmnh5jk2psutrz3fc69teskctgfc,125981772factory/kujira1qk00h5atutpsv900x202pxx42npjr9thg58dnqpa72f2p7m2luase444a7/uusk
2023-05-08T20:35:03Z,737EB2A1C03CC49E5F1FA96D0F04118906DFF2DF3519F8038E9AAF6BE10EA625,kujira17xpfvakm2amg962yls6f84z3kell8c5lp3pcxh,kujira1fjews4jcm2yx7una77ds7jjjzlx5vgsessguve8jd8v5rc4cgw9s8rlff8,10365factory/kujira1qk00h5atutpsv900x202pxx42npjr9thg58dnqpa72f2p7m2luase444a7/uusk
2023-05-08T12:24:26Z,09276A0679FB347AA2ECB0089A28F4BC26F0A4D81B85CE4A3A32BA4A6761100E,kujira1pkmjc7p7lqg6m3nm7csde88pnpad945kla5hyu,kujira1e6fjnq7q20sh9cca76wdkfg69esha5zn53jjewrtjgm4nktk824stzyysu,7922708ukuji
2023-05-04T23:00:25Z,EB7B7965971E7E1F7BECCEB5881FCAD3802AAA8F6816C28EE782B9D9984E8783,kujira1pkmjc7p7lqg6m3nm7csde88pnpad945kla5hyu,kujira1e6fjnq7q20sh9cca76wdkfg69esha5zn53jjewrtjgm4nktk824stzyysu,2585239396304970ibc/1B38805B1C75352B28169284F96DF56BDEBD9E8FAC005BDCC8CF0378C82AA8E7
2023-05-02T08:45:32Z,CED8E78C6C18A981082A130C8DF3A415CC0784927A82335DF1B2AF4F1CC94897,kujira1q8y46xg993cqg3xjycyw2334tepey7dmnh5jk2psutrz3fc69teskctgfc,kujira1pkmjc7p7lqg6m3nm7csde88pnpad945kla5hyu,125981772factory/kujira1qk00h5atutpsv900x202pxx42npjr9thg58dnqpa72f2p7m2luase444a7/uusk
2023-05-02T08:45:01Z,64D30FE7C145AD08E1645CA1C6C4B601126B6F20DD03970F176A5FAB618F68E7,kujira1pkmjc7p7lqg6m3nm7csde88pnpad945kla5hyu,kujira1q8y46xg993cqg3xjycyw2334tepey7dmnh5jk2psutrz3fc69teskctgfc,90851164factory/kujira1qk00h5atutpsv900x202pxx42npjr9thg58dnqpa72f2p7m2luase444a7/uusk
2023-05-02T08:44:47Z,551CA790CA81B21FE019BD24A7BCAF7E3F40698536618D03F710C3C4F1D7614F,kujira1pkmjc7p7lqg6m3nm7csde88pnpad945kla5hyu,kujira1q8y46xg993cqg3xjycyw2334tepey7dmnh5jk2psutrz3fc69teskctgfc,35130608factory/kujira1qk00h5atutpsv900x202pxx42npjr9thg58dnqpa72f2p7m2luase444a7/uusk
2023-05-01T13:46:08Z,80AC9F7DEE5F3C120B57F85504DB9E7EAEBEE5648AE64FF12B908B9B82FE1E46,kujira17xpfvakm2amg962yls6f84z3kell8c5lp3pcxh,kujira1pkmjc7p7lqg6m3nm7csde88pnpad945kla5hyu,288ukuji
2023-05-01T12:22:44Z,0DEE1CE5DE6E2A475C997B9684AB78C074C34F3E15093E6AFA3DCC25AE5C31C5,kujira1pkmjc7p7lqg6m3nm7csde88pnpad945kla5hyu,kujira1e6fjnq7q20sh9cca76wdkfg69esha5zn53jjewrtjgm4nktk824stzyysu,7370234ukuji
2023-04-27T23:00:47Z,DE074B353935BD1B785FCD298A020EB1029CED0821326539F4FC48B89729B323,kujira1pkmjc7p7lqg6m3nm7csde88pnpad945kla5hyu,kujira1e6fjnq7q20sh9cca76wdkfg69esha5zn53jjewrtjgm4nktk824stzyysu,2567202842377261ibc/1B38805B1C75352B28169284F96DF56BDEBD9E8FAC005BDCC8CF0378C82AA8E7
2023-04-27T12:26:07Z,3C1F9C8B5C6E5E44536569DEAF025A2156ABB8CA3647EE0F97329D11C4986610,kujira1q8y46xg993cqg3xjycyw2334tepey7dmnh5jk2psutrz3fc69teskctgfc,kujira1pkmjc7p7lqg6m3nm7csde88pnpad945kla5hyu,90851164factory/kujira1qk00h5atutpsv900x202pxx42npjr9thg58dnqpa72f2p7m2luase444a7/uusk
2023-04-27T12:24:44Z,E74B37C594FD10602C900E894EDFDD9BBECE6F485E4888EE5C52A358A8520087,kujira17xpfvakm2amg962yls6f84z3kell8c5lp3pcxh,kujira1yum4v0v5l92jkxn8xpn9mjg7wuldk784ctg424ue8gqvdp88qzlqr2qp2j,136481factory/kujira1qk00h5atutpsv900x202pxx42npjr9thg58dnqpa72f2p7m2luase444a7/uusk
2023-04-27T12:23:53Z,EB0BFDB7437B1098D33DB24C9D1C05BE5ADB6C36393249868E91D50D0F14EF3F,kujira17xpfvakm2amg962yls6f84z3kell8c5lp3pcxh,kujira1q8y46xg993cqg3xjycyw2334tepey7dmnh5jk2psutrz3fc69teskctgfc,42217ibc/27394FB092D2ECCD56123C74F36E4C1F926001CEADA9CA97EA622B25F41E5EB2
2023-04-24T19:38:12Z,1C03FA58E40E2984F2B0A37DDFD8656485465A02931258B743AC0FB274A307FB,kujira1q8y46xg993cqg3xjycyw2334tepey7dmnh5jk2psutrz3fc69teskctgfc,kujira1pkmjc7p7lqg6m3nm7csde88pnpad945kla5hyu,114278831factory/kujira1qk00h5atutpsv900x202pxx42npjr9thg58dnqpa72f2p7m2luase444a7/uusk
2023-04-24T19:37:41Z,7CC234B9378528E0A3298420354D9C878B476B2293B9FF102015F23EDAF47C39,kujira1pkmjc7p7lqg6m3nm7csde88pnpad945kla5hyu,kujira144sn0hdpar2enufzme5wqgefeng6m6np6csadmwy7sk5ae3pv9wqw0hj75,114278831factory/kujira1qk00h5atutpsv900x202pxx42npjr9thg58dnqpa72f2p7m2luase444a7/uusk
2023-04-24T12:22:49Z,82AF53030E341C8FFA476D8B142062E2C0FF6945B16720C96D504248B060B03E,kujira1pkmjc7p7lqg6m3nm7csde88pnpad945kla5hyu,kujira1e6fjnq7q20sh9cca76wdkfg69esha5zn53jjewrtjgm4nktk824stzyysu,8156876ukuji
2023-04-21T20:46:00Z,3721DDA844D609D62F8A4AD3BE50880D2DD2B240DF0E5BEC1CB6536C1E1FAFB4,kujira1e6fjnq7q20sh9cca76wdkfg69esha5zn53jjewrtjgm4nktk824stzyysu,kujira1pkmjc7p7lqg6m3nm7csde88pnpad945kla5hyu,30000000ibc/295548A78785A1007F232DE286149A6FF512F180AF5657780FC89C009E2C348F
2023-04-21T20:45:29Z,D6967FFBE0424A75B1BAAC348440A3FFD9DFAC2A531D285C127B99D7F553E923,kujira1e6fjnq7q20sh9cca76wdkfg69esha5zn53jjewrtjgm4nktk824stzyysu,kujira1pkmjc7p7lqg6m3nm7csde88pnpad945kla5hyu,20000000ibc/295548A78785A1007F232DE286149A6FF512F180AF5657780FC89C009E2C348F
2023-04-21T20:43:55Z,ECC45D8609833BD1670596B529C011761E047E26F8092BEC39E1851DDC95A992,kujira1pkmjc7p7lqg6m3nm7csde88pnpad945kla5hyu,kujira1yl6hdjhmkf37639730gffanpzndzdpmhlh536f,49800000ibc/295548A78785A1007F232DE286149A6FF512F180AF5657780FC89C009E2C348F
2023-04-20T23:00:54Z,6B6BECDA965117DEE1D5A740F9D7127479EDED3011FFC109867CAC4F0BD61E4B,kujira1pkmjc7p7lqg6m3nm7csde88pnpad945kla5hyu,kujira1e6fjnq7q20sh9cca76wdkfg69esha5zn53jjewrtjgm4nktk824stzyysu,2507932681385146ibc/1B38805B1C75352B28169284F96DF56BDEBD9E8FAC005BDCC8CF0378C82AA8E7
2023-04-17T12:22:49Z,BD3EDFD0FB9AB115787C2C1808186AC964A590BCC779FACA9D7AC52674EDBA9C,kujira1pkmjc7p7lqg6m3nm7csde88pnpad945kla5hyu,kujira1e6fjnq7q20sh9cca76wdkfg69esha5zn53jjewrtjgm4nktk824stzyysu,7315962ukuji
2023-04-13T23:00:50Z,37C062DD198FC364FF9D1C487AD5B390B929015682595E9EF83D2B036078C951,kujira1pkmjc7p7lqg6m3nm7csde88pnpad945kla5hyu,kujira1e6fjnq7q20sh9cca76wdkfg69esha5zn53jjewrtjgm4nktk824stzyysu,2457425152366630ibc/1B38805B1C75352B28169284F96DF56BDEBD9E8FAC005BDCC8CF0378C82AA8E7
2023-04-10T12:22:47Z,49C706D547C621C27C33ECFD1C3C8FE80DF03F2E24E6B169063D6E80BC9C64B5,kujira1pkmjc7p7lqg6m3nm7csde88pnpad945kla5hyu,kujira1e6fjnq7q20sh9cca76wdkfg69esha5zn53jjewrtjgm4nktk824stzyysu,7436534ukuji
2023-04-06T23:00:58Z,99285CEE557002D3BF39A3359409748CE25A56DE7673F1A75A994C34EE2ED44F,kujira1pkmjc7p7lqg6m3nm7csde88pnpad945kla5hyu,kujira1e6fjnq7q20sh9cca76wdkfg69esha5zn53jjewrtjgm4nktk824stzyysu,2618655705384349ibc/1B38805B1C75352B28169284F96DF56BDEBD9E8FAC005BDCC8CF0378C82AA8E7
2023-04-03T12:22:45Z,CD96F4AAEA88CC9B061BDB957B55B4E57BA567A6364BF5B2E07113B3A70BF1C0,kujira1pkmjc7p7lqg6m3nm7csde88pnpad945kla5hyu,kujira1e6fjnq7q20sh9cca76wdkfg69esha5zn53jjewrtjgm4nktk824stzyysu,9589841ukuji
2023-03-30T23:00:44Z,9F90447F95D92ADAE5439B24027B4602C3795EB56FE465F674B9C78E1C84EAA3,kujira1pkmjc7p7lqg6m3nm7csde88pnpad945kla5hyu,kujira1e6fjnq7q20sh9cca76wdkfg69esha5zn53jjewrtjgm4nktk824stzyysu,2733606737801356ibc/1B38805B1C75352B28169284F96DF56BDEBD9E8FAC005BDCC8CF0378C82AA8E7
2023-03-27T12:22:47Z,86E0F0F6971210C7917EA1D1D70AC03D44C30012DB92C19F18E5A412CAA56CF1,kujira1pkmjc7p7lqg6m3nm7csde88pnpad945kla5hyu,kujira1e6fjnq7q20sh9cca76wdkfg69esha5zn53jjewrtjgm4nktk824stzyysu,11188149ukuji
2023-03-26T17:18:35Z,DF77B3343218090D8F78465A6DAB2D1A35E33DD2043D580A755903A73E94AFDE,kujira144sn0hdpar2enufzme5wqgefeng6m6np6csadmwy7sk5ae3pv9wqw0hj75,kujira1pkmjc7p7lqg6m3nm7csde88pnpad945kla5hyu,114278831factory/kujira1qk00h5atutpsv900x202pxx42npjr9thg58dnqpa72f2p7m2luase444a7/uusk
2023-03-26T17:18:06Z,0715D1D0E5A3541D76C776DEF78BA353BA6DDD86E41DF289BC38E4BD094F88E4,kujira17xpfvakm2amg962yls6f84z3kell8c5lp3pcxh,kujira1zz74gvmq6ss3pg5vgahvx47ugpfzr80qu75l97lf2ggdgxq04ddqxkdzey,57885factory/kujira1qk00h5atutpsv900x202pxx42npjr9thg58dnqpa72f2p7m2luase444a7/uusk
2023-03-26T17:17:04Z,7BA5EA16984C7A80A09BDBDDB49F2B7F3CD78B837CEDA78C8ED8FC8ECE768A8B,kujira17xpfvakm2amg962yls6f84z3kell8c5lp3pcxh,kujira1r80rh4t7zrlt8d6da4k8xptwywuv39esnt4ax7p7ca7ga7646xssrcu5uf,23750ibc/DA59C009A0B3B95E0549E6BF7B075C8239285989FF457A8EDDBB56F10B2A6986
2023-03-26T17:16:14Z,E4976DBC2BB9552C29CA61B952C9F455DA63992300BA06DF4CCD2707234071BA,kujira1pkmjc7p7lqg6m3nm7csde88pnpad945kla5hyu,kujira144sn0hdpar2enufzme5wqgefeng6m6np6csadmwy7sk5ae3pv9wqw0hj75,83270220factory/kujira1qk00h5atutpsv900x202pxx42npjr9thg58dnqpa72f2p7m2luase444a7/uusk
2023-03-23T23:00:48Z,C48ACA0AF590357CC706A9605FCDB2229D06A650D93FD981E6653AEF7B7DBC9D,kujira1pkmjc7p7lqg6m3nm7csde88pnpad945kla5hyu,kujira1e6fjnq7q20sh9cca76wdkfg69esha5zn53jjewrtjgm4nktk824stzyysu,2752052597463755ibc/1B38805B1C75352B28169284F96DF56BDEBD9E8FAC005BDCC8CF0378C82AA8E7
2023-03-20T12:22:50Z,ED9458E60A50B35C47DFBA984A60C71EAE919A62E3286EF96BA7A4EED9F7B002,kujira1pkmjc7p7lqg6m3nm7csde88pnpad945kla5hyu,kujira1e6fjnq7q20sh9cca76wdkfg69esha5zn53jjewrtjgm4nktk824stzyysu,10893723ukuji
2023-03-18T12:59:46Z,D67FFCAD61169A43EFAC3644304DD00CF7F1AD00A0303730B6717A1D61C769A8,kujira1pkmjc7p7lqg6m3nm7csde88pnpad945kla5hyu,kujira1e6fjnq7q20sh9cca76wdkfg69esha5zn53jjewrtjgm4nktk824stzyysu,11711288ukuji
2023-03-16T23:01:11Z,85FDD2D58249A216A51B506A6CEE3BC6A090750378A2BDC4BFDC394121EBAF9F,kujira1pkmjc7p7lqg6m3nm7csde88pnpad945kla5hyu,kujira1e6fjnq7q20sh9cca76wdkfg69esha5zn53jjewrtjgm4nktk824stzyysu,2952456448995845ibc/1B38805B1C75352B28169284F96DF56BDEBD9E8FAC005BDCC8CF0378C82AA8E7
2023-03-13T21:52:58Z,05A5B98FDCB18DC717ACEA7F5C8811C27AC8C5B9EEE0EA3BBE2BB128D284E8EC,kujira144sn0hdpar2enufzme5wqgefeng6m6np6csadmwy7sk5ae3pv9wqw0hj75,kujira1pkmjc7p7lqg6m3nm7csde88pnpad945kla5hyu,83270220factory/kujira1qk00h5atutpsv900x202pxx42npjr9thg58dnqpa72f2p7m2luase444a7/uusk
2023-03-13T21:52:24Z,F90B7FA7530596E4B9F6246A2470B9C9502D79B7CA4636B03ECEE2C002490E0C,kujira17xpfvakm2amg962yls6f84z3kell8c5lp3pcxh,kujira1yum4v0v5l92jkxn8xpn9mjg7wuldk784ctg424ue8gqvdp88qzlqr2qp2j,125092factory/kujira1qk00h5atutpsv900x202pxx42npjr9thg58dnqpa72f2p7m2luase444a7/uusk
2023-03-13T21:52:10Z,587DEBF5AEF5BACB5EAD5F2E0A1E2E72E28820FFD84175D3033FFA3CE2FD4986,kujira17xpfvakm2amg962yls6f84z3kell8c5lp3pcxh,kujira158zzjcvkz7r3j5hueurcw22qrjerqw4dtrzlalztr7whjykjwvrsrahdnq,10700ibc/27394FB092D2ECCD56123C74F36E4C1F926001CEADA9CA97EA622B25F41E5EB2
2023-03-13T21:51:35Z,824AF3ABF9AE0CC63A170353FD2063F4AE3CA227A6A3AD449F1A7C314D638F5F,kujira17xpfvakm2amg962yls6f84z3kell8c5lp3pcxh,kujira144sn0hdpar2enufzme5wqgefeng6m6np6csadmwy7sk5ae3pv9wqw0hj75,33186ibc/0306D6B66EAA2EDBB7EAD23C0EC9DDFC69BB43E80B398035E90FBCFEF3FD1A87
2023-03-13T12:22:52Z,0E78B9F4FAE24BFD105F10F2EBB859D1B386E0C650783A3DE6966A03E8C11DFF,kujira1pkmjc7p7lqg6m3nm7csde88pnpad945kla5hyu,kujira1e6fjnq7q20sh9cca76wdkfg69esha5zn53jjewrtjgm4nktk824stzyysu,10893724ukuji
2023-03-10T17:23:45Z,4E4EB23F4E7B3A5E10EA7F0717B0A8E1DD72C3396A88127E0808D1186923F52C,kujira144sn0hdpar2enufzme5wqgefeng6m6np6csadmwy7sk5ae3pv9wqw0hj75,kujira1pkmjc7p7lqg6m3nm7csde88pnpad945kla5hyu,75818545factory/kujira1qk00h5atutpsv900x202pxx42npjr9thg58dnqpa72f2p7m2luase444a7/uusk
2023-03-10T17:23:13Z,5644ABEB0AFEFFFA2D836216B38864EAF5E499DD76902A6BCC6617770B8F207D,kujira1fjews4jcm2yx7una77ds7jjjzlx5vgsessguve8jd8v5rc4cgw9s8rlff8,kujira1pkmjc7p7lqg6m3nm7csde88pnpad945kla5hyu,15106417571298221ibc/1B38805B1C75352B28169284F96DF56BDEBD9E8FAC005BDCC8CF0378C82AA8E7
2023-03-10T17:21:37Z,5099EFDF1C16C5B64C496001E87DE029A498370A3A4FED91D042F7FB55B805FD,kujira17xpfvakm2amg962yls6f84z3kell8c5lp3pcxh,kujira1yum4v0v5l92jkxn8xpn9mjg7wuldk784ctg424ue8gqvdp88qzlqr2qp2j,113898factory/kujira1qk00h5atutpsv900x202pxx42npjr9thg58dnqpa72f2p7m2luase444a7/uusk
2023-03-10T17:21:20Z,7AFEC2CAAC942911D86E214B9E1906B1468EFF410A458B5D5B4A085CCBE6AA03,kujira17xpfvakm2amg962yls6f84z3kell8c5lp3pcxh,kujira158zzjcvkz7r3j5hueurcw22qrjerqw4dtrzlalztr7whjykjwvrsrahdnq,10517ibc/27394FB092D2ECCD56123C74F36E4C1F926001CEADA9CA97EA622B25F41E5EB2
2023-03-10T17:18:54Z,FBA5E8A8C7A59A4CBBDCC51D39B73D43393E97CEC0151FF7F0F1FF9EBBAB057E,kujira17xpfvakm2amg962yls6f84z3kell8c5lp3pcxh,kujira144sn0hdpar2enufzme5wqgefeng6m6np6csadmwy7sk5ae3pv9wqw0hj75,32625ibc/0306D6B66EAA2EDBB7EAD23C0EC9DDFC69BB43E80B398035E90FBCFEF3FD1A87
2023-03-09T23:00:46Z,0F73E826D15C6C2566869890A3C75F686C02A01844B356578CCCE01063FA35C6,kujira17xpfvakm2amg962yls6f84z3kell8c5lp3pcxh,kujira1377jxt6t0jrkk47thc86udxfxnvqkhj7evmd99,59895ukuji
2023-03-09T21:04:35Z,CD7A38BBB4B1168369CB8C572B10C786DE619EE92AF3016D66B8184241FB68DD,kujira144sn0hdpar2enufzme5wqgefeng6m6np6csadmwy7sk5ae3pv9wqw0hj75,kujira1pkmjc7p7lqg6m3nm7csde88pnpad945kla5hyu,72609890factory/kujira1qk00h5atutpsv900x202pxx42npjr9thg58dnqpa72f2p7m2luase444a7/uusk
2023-03-09T21:04:10Z,2D4CBD1190277EB66405C31F4ECF29331BF611E9AE5EFE423F1743F63D455625,kujira18afpdapfxxlvxcf95a3rd6p0fsw37mnfryqg30,kujira1qk00h5atutpsv900x202pxx42npjr9thg58dnqpa72f2p7m2luase444a7,7523527factory/kujira1qk00h5atutpsv900x202pxx42npjr9thg58dnqpa72f2p7m2luase444a7/uusk
2023-03-09T20:59:26Z,2F922451D78A1515ADB0E501358226DE5696DB960322F13696F72C7270D17CEC,kujira17xpfvakm2amg962yls6f84z3kell8c5lp3pcxh,kujira1yum4v0v5l92jkxn8xpn9mjg7wuldk784ctg424ue8gqvdp88qzlqr2qp2j,120380factory/kujira1qk00h5atutpsv900x202pxx42npjr9thg58dnqpa72f2p7m2luase444a7/uusk
2023-03-09T20:58:18Z,201746DA98272A1F84398F0EEE7B21226BDF020F9BDEA86E056B90DAB0151678,kujira17xpfvakm2amg962yls6f84z3kell8c5lp3pcxh,kujira1q8y46xg993cqg3xjycyw2334tepey7dmnh5jk2psutrz3fc69teskctgfc,39007ibc/27394FB092D2ECCD56123C74F36E4C1F926001CEADA9CA97EA622B25F41E5EB2
2023-03-06T21:14:47Z,8C8934F6F1F65085009F0A5B8F9E96E2FBDDD53E513389DCF92736D85C95C4B4,kujira1e6fjnq7q20sh9cca76wdkfg69esha5zn53jjewrtjgm4nktk824stzyysu,kujira1pkmjc7p7lqg6m3nm7csde88pnpad945kla5hyu,30000000ibc/295548A78785A1007F232DE286149A6FF512F180AF5657780FC89C009E2C348F
2023-03-06T21:13:51Z,64D7CB03CB4D25093ED58EB3D22B8DE06A8686EC803F38EC92856333C2FCE094,kujira1e6fjnq7q20sh9cca76wdkfg69esha5zn53jjewrtjgm4nktk824stzyysu,kujira1pkmjc7p7lqg6m3nm7csde88pnpad945kla5hyu,30000000ibc/295548A78785A1007F232DE286149A6FF512F180AF5657780FC89C009E2C348F
2023-03-06T21:10:03Z,EFADD1B1CA43C36428C488BF7B3213AEDC1398717B2BFA0EAE03E64065A746D9,kujira1pkmjc7p7lqg6m3nm7csde88pnpad945kla5hyu,kujira1yl6hdjhmkf37639730gffanpzndzdpmhlh536f,49800000ibc/295548A78785A1007F232DE286149A6FF512F180AF5657780FC89C009E2C348F
2023-03-06T12:22:45Z,27D60823B1D676FF420A3EC6B831C97468975A0E321B638C05C47C3047E19050,kujira1pkmjc7p7lqg6m3nm7csde88pnpad945kla5hyu,kujira1e6fjnq7q20sh9cca76wdkfg69esha5zn53jjewrtjgm4nktk824stzyysu,9664470ukuji
2023-03-02T23:00:48Z,C2EC986529A5257C88866C3A60F40FA1A55CDA341D8DBBA1FCDF47536B6AC9FD,kujira1pkmjc7p7lqg6m3nm7csde88pnpad945kla5hyu,kujira1e6fjnq7q20sh9cca76wdkfg69esha5zn53jjewrtjgm4nktk824stzyysu,3005764913745636ibc/1B38805B1C75352B28169284F96DF56BDEBD9E8FAC005BDCC8CF0378C82AA8E7
2023-02-27T15:59:42Z,F9C57FAC21F3B8135653DCF239AB9FED8340A357F1E746441DC4A105633769B4,kujira1pkmjc7p7lqg6m3nm7csde88pnpad945kla5hyu,kujira1e6fjnq7q20sh9cca76wdkfg69esha5zn53jjewrtjgm4nktk824stzyysu,9302505ukuji
2023-02-23T23:00:59Z,CE8D57191B73A6F8699EBF39D787FAF4A270F99122E38B9EF86B460FD35DFBD6,kujira1pkmjc7p7lqg6m3nm7csde88pnpad945kla5hyu,kujira1e6fjnq7q20sh9cca76wdkfg69esha5zn53jjewrtjgm4nktk824stzyysu,2991573372036303ibc/1B38805B1C75352B28169284F96DF56BDEBD9E8FAC005BDCC8CF0378C82AA8E7
2023-02-20T12:22:53Z,D6A3CB88DDEEAF737FB7DDE06DC47325C24E31D9933961290CB89295CF57BB81,kujira1pkmjc7p7lqg6m3nm7csde88pnpad945kla5hyu,kujira1e6fjnq7q20sh9cca76wdkfg69esha5zn53jjewrtjgm4nktk824stzyysu,8038087ukuji
2023-02-18T12:59:48Z,07D012BA239EDAFFCD52C3821A8119CFF1FB76CF70B2DE0164F7F51DC9B52E19,kujira1pkmjc7p7lqg6m3nm7csde88pnpad945kla5hyu,kujira1e6fjnq7q20sh9cca76wdkfg69esha5zn53jjewrtjgm4nktk824stzyysu,9372713ukuji
2023-02-16T23:00:53Z,25551C2A6154140875136F1AD0743F5BDBF373E1DAC78993453B4F93276AFFD9,kujira1pkmjc7p7lqg6m3nm7csde88pnpad945kla5hyu,kujira1e6fjnq7q20sh9cca76wdkfg69esha5zn53jjewrtjgm4nktk824stzyysu,2945541252090177ibc/1B38805B1C75352B28169284F96DF56BDEBD9E8FAC005BDCC8CF0378C82AA8E7
2023-02-13T12:22:51Z,11AFCFEBCAD4C88082F0C541B8435A50FB2FCA3B1BE10BD88611CE7D9A928C8E,kujira1pkmjc7p7lqg6m3nm7csde88pnpad945kla5hyu,kujira1e6fjnq7q20sh9cca76wdkfg69esha5zn53jjewrtjgm4nktk824stzyysu,8156876ukuji
2023-02-13T11:20:09Z,FFB626078051C784BEA6FB007B27B30EB24FF7E8CD3CF8A998A8857EF7C39ACE,kujira1q8y46xg993cqg3xjycyw2334tepey7dmnh5jk2psutrz3fc69teskctgfc,kujira1pkmjc7p7lqg6m3nm7csde88pnpad945kla5hyu,57663375factory/kujira1qk00h5atutpsv900x202pxx42npjr9thg58dnqpa72f2p7m2luase444a7/uusk
2023-02-13T11:19:31Z,13024C071902B8DC4E6E9736030FEF39911DB7D538B97EA8C4272B0A37B0DCDD,kujira1pkmjc7p7lqg6m3nm7csde88pnpad945kla5hyu,kujira1ackqp55ygdmvx2armyl9x9k6d6pdrcj98l8u5u,57663375factory/kujira1qk00h5atutpsv900x202pxx42npjr9thg58dnqpa72f2p7m2luase444a7/uusk
2023-02-09T23:01:49Z,DC223410384EC9D7CB512C8B465DEA677E27251AECB6C113D2C81D1718085F35,kujira1pkmjc7p7lqg6m3nm7csde88pnpad945kla5hyu,kujira1e6fjnq7q20sh9cca76wdkfg69esha5zn53jjewrtjgm4nktk824stzyysu,3201062931745542ibc/1B38805B1C75352B28169284F96DF56BDEBD9E8FAC005BDCC8CF0378C82AA8E7
2023-02-06T12:22:54Z,006D057F15799BDFD6727538D4C751E058A56A3A701CEBE1356380D279431B1C,kujira1pkmjc7p7lqg6m3nm7csde88pnpad945kla5hyu,kujira1e6fjnq7q20sh9cca76wdkfg69esha5zn53jjewrtjgm4nktk824stzyysu,5984985ukuji
2023-02-02T23:00:48Z,1CF2A3DC5AC49048CA7B486A455340F561DB6274B8E967C3B5CA4B81E8246AFF,kujira1pkmjc7p7lqg6m3nm7csde88pnpad945kla5hyu,kujira1e6fjnq7q20sh9cca76wdkfg69esha5zn53jjewrtjgm4nktk824stzyysu,2962475101680563ibc/1B38805B1C75352B28169284F96DF56BDEBD9E8FAC005BDCC8CF0378C82AA8E7
2023-01-30T12:22:51Z,DD34AD0C29ED8734861B5BFE5FB5FB73EDA347EC5E22DCDE469B965E88410538,kujira1pkmjc7p7lqg6m3nm7csde88pnpad945kla5hyu,kujira1e6fjnq7q20sh9cca76wdkfg69esha5zn53jjewrtjgm4nktk824stzyysu,7713569ukuji
2023-01-28T12:14:22Z,7D38504A299213CC15F6A2B4A3E9600F6C365D8D7589C226477950B820DF6C1A,kujira1q8y46xg993cqg3xjycyw2334tepey7dmnh5jk2psutrz3fc69teskctgfc,kujira1pkmjc7p7lqg6m3nm7csde88pnpad945kla5hyu,1198800factory/kujira1qk00h5atutpsv900x202pxx42npjr9thg58dnqpa72f2p7m2luase444a7/uusk
2023-01-28T12:13:45Z,45A57756355E0100CDAD8AE010EDDAE84EA258A9E0E1754378B43305500738BF,kujira17xpfvakm2amg962yls6f84z3kell8c5lp3pcxh,kujira1fjews4jcm2yx7una77ds7jjjzlx5vgsessguve8jd8v5rc4cgw9s8rlff8,1200factory/kujira1qk00h5atutpsv900x202pxx42npjr9thg58dnqpa72f2p7m2luase444a7/uusk
2023-01-26T23:00:48Z,B25264DB831A4033200D3FC49DFE039CDB54BAA205B9ABADF896762E6A07A8D1,kujira1pkmjc7p7lqg6m3nm7csde88pnpad945kla5hyu,kujira1e6fjnq7q20sh9cca76wdkfg69esha5zn53jjewrtjgm4nktk824stzyysu,3068957581673503ibc/1B38805B1C75352B28169284F96DF56BDEBD9E8FAC005BDCC8CF0378C82AA8E7
2023-01-23T22:25:23Z,2D3F2E0556DB15FC46C29BE34BE344A390C142F1F2D04F8E36B332053EF35D07,kujira1q8y46xg993cqg3xjycyw2334tepey7dmnh5jk2psutrz3fc69teskctgfc,kujira1pkmjc7p7lqg6m3nm7csde88pnpad945kla5hyu,1298700factory/kujira1qk00h5atutpsv900x202pxx42npjr9thg58dnqpa72f2p7m2luase444a7/uusk
2023-01-23T22:24:42Z,D26BE52202F07DA8D3F800B2B683EC63B4623F8AA17F01A776EF3F7DCD82C351,kujira17xpfvakm2amg962yls6f84z3kell8c5lp3pcxh,kujira1fjews4jcm2yx7una77ds7jjjzlx5vgsessguve8jd8v5rc4cgw9s8rlff8,1300factory/kujira1qk00h5atutpsv900x202pxx42npjr9thg58dnqpa72f2p7m2luase444a7/uusk
2023-01-23T12:23:47Z,5C6FB47BD09BE050B34110D6347111C5F9FDF41273D3049F8A93A0404696AABF,kujira1pkmjc7p7lqg6m3nm7csde88pnpad945kla5hyu,kujira1e6fjnq7q20sh9cca76wdkfg69esha5zn53jjewrtjgm4nktk824stzyysu,9015496ukuji
2023-01-19T23:02:43Z,319682803D52FC8D6C1B38136F87A3D924BE3FC76169B76299A37FD085806387,kujira1pkmjc7p7lqg6m3nm7csde88pnpad945kla5hyu,kujira1e6fjnq7q20sh9cca76wdkfg69esha5zn53jjewrtjgm4nktk824stzyysu,3217358709309707ibc/1B38805B1C75352B28169284F96DF56BDEBD9E8FAC005BDCC8CF0378C82AA8E7
2023-01-18T12:59:45Z,B3F172855C13C230B5F1672119D91C6B2A1DE9208546ABFC95E7685F80C4AFEF,kujira1pkmjc7p7lqg6m3nm7csde88pnpad945kla5hyu,kujira1e6fjnq7q20sh9cca76wdkfg69esha5zn53jjewrtjgm4nktk824stzyysu,10242346ukuji
2023-01-16T12:22:47Z,D0A65F66C94B5718D18B5519D6D512CFD2F09599F08F67176F2B6DAA5535897E,kujira1pkmjc7p7lqg6m3nm7csde88pnpad945kla5hyu,kujira1e6fjnq7q20sh9cca76wdkfg69esha5zn53jjewrtjgm4nktk824stzyysu,8320834ukuji
2023-01-13T21:12:51Z,AB8DD1C0B5B5C8FAB53D0EC0ED03187A349E6F7C9788C79E3A5A617138C7796F,kujira1q8y46xg993cqg3xjycyw2334tepey7dmnh5jk2psutrz3fc69teskctgfc,kujira1pkmjc7p7lqg6m3nm7csde88pnpad945kla5hyu,16730308factory/kujira1qk00h5atutpsv900x202pxx42npjr9thg58dnqpa72f2p7m2luase444a7/uusk
2023-01-13T21:08:56Z,C858B5247BA943938C17BCFD4AE9741653D156D8DD981A2C2FB35755DAB5C149,kujira17xpfvakm2amg962yls6f84z3kell8c5lp3pcxh,kujira1r80rh4t7zrlt8d6da4k8xptwywuv39esnt4ax7p7ca7ga7646xssrcu5uf,15047factory/kujira1qk00h5atutpsv900x202pxx42npjr9thg58dnqpa72f2p7m2luase444a7/uusk
2023-01-13T21:08:11Z,0639A85456FA9B3680E3560836D970C09B189935F32A017EB0C31EAD687FA2D5,kujira1pkmjc7p7lqg6m3nm7csde88pnpad945kla5hyu,kujira1yl6hdjhmkf37639730gffanpzndzdpmhlh536f,30500000ibc/DA59C009A0B3B95E0549E6BF7B075C8239285989FF457A8EDDBB56F10B2A6986
2023-01-13T20:47:21Z,BFF79BCD228B08C95A0C912834D6C28DBFC3AF94BC5D74CA7834BE44163BB6CA,kujira17xpfvakm2amg962yls6f84z3kell8c5lp3pcxh,kujira1fjews4jcm2yx7una77ds7jjjzlx5vgsessguve8jd8v5rc4cgw9s8rlff8,1700factory/kujira1qk00h5atutpsv900x202pxx42npjr9thg58dnqpa72f2p7m2luase444a7/uusk
2023-01-12T23:00:52Z,686DE8C929C0213412EEACAB6A239CCB3151350DFA44724B5637CDAC93691478,kujira1pkmjc7p7lqg6m3nm7csde88pnpad945kla5hyu,kujira1e6fjnq7q20sh9cca76wdkfg69esha5zn53jjewrtjgm4nktk824stzyysu,3465804437312496ibc/1B38805B1C75352B28169284F96DF56BDEBD9E8FAC005BDCC8CF0378C82AA8E7
2023-01-09T12:23:44Z,8A7BBE7AA56412777DAB23BABAD3D9050FD81243EFDBA0BF47E0F4686C779A72,kujira1pkmjc7p7lqg6m3nm7csde88pnpad945kla5hyu,kujira1e6fjnq7q20sh9cca76wdkfg69esha5zn53jjewrtjgm4nktk824stzyysu,10424892ukuji
2023-01-07T00:12:10Z,14CE50464F0274BF096B4A36A4B929FEA5E2B0F43FA11A27C664C35ADAE689BC,kujira1q8y46xg993cqg3xjycyw2334tepey7dmnh5jk2psutrz3fc69teskctgfc,kujira1pkmjc7p7lqg6m3nm7csde88pnpad945kla5hyu,1477017factory/kujira1qk00h5atutpsv900x202pxx42npjr9thg58dnqpa72f2p7m2luase444a7/uusk
2023-01-07T00:11:02Z,D7A57CBD4689E4C76D0F22614099F2161AF158D9D968B336C32CB2C0C23AD7F5,kujira17xpfvakm2amg962yls6f84z3kell8c5lp3pcxh,kujira1fjews4jcm2yx7una77ds7jjjzlx5vgsessguve8jd8v5rc4cgw9s8rlff8,1478factory/kujira1qk00h5atutpsv900x202pxx42npjr9thg58dnqpa72f2p7m2luase444a7/uusk
2023-01-05T23:00:51Z,C59CA562E9A92A3B3F34B621E63A3EB420D7D956EE937DEAAEE245C8B67850B0,kujira1pkmjc7p7lqg6m3nm7csde88pnpad945kla5hyu,kujira1e6fjnq7q20sh9cca76wdkfg69esha5zn53jjewrtjgm4nktk824stzyysu,3890747820919176ibc/1B38805B1C75352B28169284F96DF56BDEBD9E8FAC005BDCC8CF0378C82AA8E7
2023-01-02T12:23:20Z,B07825836BDD11C12986D68FF207376B212D4ED6FBC0D9ECBAAFDD56BBA5A64A,kujira1vq6vrr4nu0w4mmu36pkznzqddmdlf4r5w3qpxy,kujira1pkmjc7p7lqg6m3nm7csde88pnpad945kla5hyu,300044ibc/295548A78785A1007F232DE286149A6FF512F180AF5657780FC89C009E2C348F
2023-01-02T12:21:55Z,9CAA8032BF4182C40329D037C23C84C46E18EA8F566BD210402F59650BC1156C,kujira1vq6vrr4nu0w4mmu36pkznzqddmdlf4r5w3qpxy,kujira1pkmjc7p7lqg6m3nm7csde88pnpad945kla5hyu,300044ibc/295548A78785A1007F232DE286149A6FF512F180AF5657780FC89C009E2C348F
2023-01-02T12:20:18Z,5E80142CC3B5472CC97E908345A988890F573723CC1052DB8A489379793650B2,kujira1pkmjc7p7lqg6m3nm7csde88pnpad945kla5hyu,kujira1yl6hdjhmkf37639730gffanpzndzdpmhlh536f,149000000ibc/295548A78785A1007F232DE286149A6FF512F180AF5657780FC89C009E2C348F
2022-12-18T12:59:44Z,1CDBDA2EC26F327C83679CF124B8CA79C8E8462E397F7F0FA47F112FC7823952,kujira1pkmjc7p7lqg6m3nm7csde88pnpad945kla5hyu,kujira1e6fjnq7q20sh9cca76wdkfg69esha5zn53jjewrtjgm4nktk824stzyysu,12378464ukuji
2022-11-18T12:58:41Z,BF75EDE9160461FF180E37BC9338C221C529FC71063B51158A33251E621469BB,kujira1vq6vrr4nu0w4mmu36pkznzqddmdlf4r5w3qpxy,kujira1pkmjc7p7lqg6m3nm7csde88pnpad945kla5hyu,299700ibc/295548A78785A1007F232DE286149A6FF512F180AF5657780FC89C009E2C348F
2022-11-12T16:27:02Z,5CEA1A0BFE9F17E854BB8D91C5ACFB32E37F51D8F6572C03DD570DF3BC565B79,kujira1yl6hdjhmkf37639730gffanpzndzdpmhlh536f,kujira1pkmjc7p7lqg6m3nm7csde88pnpad945kla5hyu,1927327ibc/27394FB092D2ECCD56123C74F36E4C1F926001CEADA9CA97EA622B25F41E5EB2
2022-11-12T16:24:51Z,3275622903A805052A882EA1D3BAD4E4112C501643C8739848A7B33B30A7ED38,kujira17xpfvakm2amg962yls6f84z3kell8c5lp3pcxh,kujira1q8y46xg993cqg3xjycyw2334tepey7dmnh5jk2psutrz3fc69teskctgfc,9685ibc/27394FB092D2ECCD56123C74F36E4C1F926001CEADA9CA97EA622B25F41E5EB2
2022-10-15T07:47:41Z,515C54FBAACBD3F6E0C3E5E8A8419D9E27729313C5AE5F517FE70D7A73B1E219,kujira17xpfvakm2amg962yls6f84z3kell8c5lp3pcxh,kujira1pkmjc7p7lqg6m3nm7csde88pnpad945kla5hyu,2198ukuji
2022-10-14T19:57:51Z,E85E376E079472D3076A01CA43FE0F924A9DEE2F2A1BE31B736A35410D81624C,kujira1q8y46xg993cqg3xjycyw2334tepey7dmnh5jk2psutrz3fc69teskctgfc,kujira1pkmjc7p7lqg6m3nm7csde88pnpad945kla5hyu,17967325factory/kujira1qk00h5atutpsv900x202pxx42npjr9thg58dnqpa72f2p7m2luase444a7/uusk
2022-10-14T19:56:43Z,196AC781F987D0E71EC3B82FC9D793B52DBED830F4742C28BD1C27624342D35D,kujira17xpfvakm2amg962yls6f84z3kell8c5lp3pcxh,kujira1yum4v0v5l92jkxn8xpn9mjg7wuldk784ctg424ue8gqvdp88qzlqr2qp2j,26991factory/kujira1qk00h5atutpsv900x202pxx42npjr9thg58dnqpa72f2p7m2luase444a7/uusk
2022-10-14T19:55:40Z,90086DB05A850346CD08B519BEEF876D2800F72AD51AF253023C1386162A29DF,kujira17xpfvakm2amg962yls6f84z3kell8c5lp3pcxh,kujira1xr3rq8yvd7qplsw5yx90ftsr2zdhg4e9z60h5duusgxpv72hud3sl8nek6,1171ibc/27394FB092D2ECCD56123C74F36E4C1F926001CEADA9CA97EA622B25F41E5EB2
2022-09-12T14:01:44Z,7D08EFAD460C081B86E6761CD5AFE6C80DE5B38B8CFFA74438A1758C5DB0555A,kujira1rwx6w02alc4kaz7xpyg3rlxpjl4g63x5jq292mkxgg65zqpn5llq202vh5,kujira1pkmjc7p7lqg6m3nm7csde88pnpad945kla5hyu,50000000ibc/295548A78785A1007F232DE286149A6FF512F180AF5657780FC89C009E2C348F
2022-09-12T14:01:28Z,C18F16AEEF6CC97A8FA2B77554EDDF80640AB641A29240DF97133C5B9671EBAE,kujira1pkmjc7p7lqg6m3nm7csde88pnpad945kla5hyu,kujira1rwx6w02alc4kaz7xpyg3rlxpjl4g63x5jq292mkxgg65zqpn5llq202vh5,50000000ibc/295548A78785A1007F232DE286149A6FF512F180AF5657780FC89C009E2C348F
2022-09-12T14:00:17Z,3B674AC0DE3B75051E6180BB2D4F18918EB9B14146FDE53E6890F3983E1AF888,kujira1rwx6w02alc4kaz7xpyg3rlxpjl4g63x5jq292mkxgg65zqpn5llq202vh5,kujira1pkmjc7p7lqg6m3nm7csde88pnpad945kla5hyu,50000000ibc/295548A78785A1007F232DE286149A6FF512F180AF5657780FC89C009E2C348F
2022-09-05T11:24:36Z,CE7058874FE175FC74C2448DA1D7872247D85B334AEE788EA4FAEF8902C8DD4C,kujira1yl6hdjhmkf37639730gffanpzndzdpmhlh536f,kujira1pkmjc7p7lqg6m3nm7csde88pnpad945kla5hyu,700000000ibc/295548A78785A1007F232DE286149A6FF512F180AF5657780FC89C009E2C348F
2022-09-04T17:25:52Z,0D92313A873C06E9B174BA43C9ABF9865BB44691C1B5A9574266EAC98404071D,kujira17xpfvakm2amg962yls6f84z3kell8c5lp3pcxh,kujira14hj2tavq8fpesdwxxcu44rty3hh90vhujrvcmstl4zr3txmfvw9sl4e867,257249ibc/295548A78785A1007F232DE286149A6FF512F180AF5657780FC89C009E2C348F
2022-08-16T09:29:35Z,68172024A44B050D86261C519D75A7C4B2ED6A81BA15BFC3FFAB136C597A15A5,kujira14hj2tavq8fpesdwxxcu44rty3hh90vhujrvcmstl4zr3txmfvw9sl4e867,kujira1pkmjc7p7lqg6m3nm7csde88pnpad945kla5hyu,245000000ukuji
2022-08-15T15:10:44Z,C0483A9D774526F0373F0A1AC5BDFD3B70C1C63714C799D9BAF152B18F78EA97,kujira17xpfvakm2amg962yls6f84z3kell8c5lp3pcxh,kujira14hj2tavq8fpesdwxxcu44rty3hh90vhujrvcmstl4zr3txmfvw9sl4e867,524480ibc/295548A78785A1007F232DE286149A6FF512F180AF5657780FC89C009E2C348F
2022-08-14T12:14:50Z,747CEC86A5E620C3F5EB301D8EB8971409D825CA7D4EE8C91F2A63FA4890EDB5,kujira1yl6hdjhmkf37639730gffanpzndzdpmhlh536f,kujira1pkmjc7p7lqg6m3nm7csde88pnpad945kla5hyu,550000000ibc/295548A78785A1007F232DE286149A6FF512F180AF5657780FC89C009E2C348F
2022-08-14T11:56:45Z,9A847703AA68EBB8F02BB1C94308610A69B50EE82922F478B2932BB5856DEFCC,kujira17xpfvakm2amg962yls6f84z3kell8c5lp3pcxh,kujira14hj2tavq8fpesdwxxcu44rty3hh90vhujrvcmstl4zr3txmfvw9sl4e867,912399ibc/295548A78785A1007F232DE286149A6FF512F180AF5657780FC89C009E2C348F
2022-07-12T18:05:05Z,88F8647317AFE612A3D738E64E27A5488680CB260427465C9CC6685FB3604A8C,kujira1xr3rq8yvd7qplsw5yx90ftsr2zdhg4e9z60h5duusgxpv72hud3sl8nek6,kujira1pkmjc7p7lqg6m3nm7csde88pnpad945kla5hyu,10000000ibc/295548A78785A1007F232DE286149A6FF512F180AF5657780FC89C009E2C348F
2022-07-12T17:46:13Z,5194346F49923CC1685CD472BCEA43DE49B4251134F06AF76C828552E07DCC8D,kujira17xpfvakm2amg962yls6f84z3kell8c5lp3pcxh,kujira14hj2tavq8fpesdwxxcu44rty3hh90vhujrvcmstl4zr3txmfvw9sl4e867,18844ukuji
2022-07-12T17:45:33Z,B6AA1AD9BAB1AC75746E31F8B98727F26B63878CAD488F05EC2878F71464A503,kujira1pkmjc7p7lqg6m3nm7csde88pnpad945kla5hyu,kujira1ackqp55ygdmvx2armyl9x9k6d6pdrcj98l8u5u,1090000000ukuji
2022-07-12T17:44:38Z,59FF4DF16DEE76E53404AC5894AD8462FDEC8A2718592AFCAD6B33A99C8BE479,kujira1pkmjc7p7lqg6m3nm7csde88pnpad945kla5hyu,kujira1yl6hdjhmkf37639730gffanpzndzdpmhlh536f,49000000ibc/295548A78785A1007F232DE286149A6FF512F180AF5657780FC89C009E2C348F
